P1,P2,EXP_SCORE,INTERACT
6MX1_1,1I2L_1,73,0
6MX1_1,4CVQ_1,306,0
6MX1_1,1ART_1,121,0
6MX1_1,5JI3_2,47,0
6MX1_1,3TAT_1,121,0
1UCW_1,3K8N_1,127,0
1UCW_1,6TNM_1,118,0
1UCW_1,1M3U_1,365,0
1DI6_1,1G8L_1,890,1
1DI6_1,6RKV_1,410,0
1DI6_1,1NP6_1,890,1
1DI6_1,1Q16_1,794,1
1DI6_1,4PYD_1,127,0
7KZI_1,1PII_1,99,0
7KZI_1,6RKV_1,818,1
7KZI_1,7BL4_31,117,0
7KZI_1,3NBU_1,93,0
7KZI_1,3CDI_1,763,1
7KZI_1,1XDY_1,63,0
7KZI_1,1PMO_1,103,0
7KZI_1,4DJK_1,110,0
7KZI_1,6QEL_2,54,0
7KZI_1,6U5Z_1,78,0
7KZI_1,2IOQ_1,577,1
7KZI_1,1B62_1,123,0
7KZI_1,2VMK_1,776,1
7KZI_1,2GLS_1,90,0
7KZI_1,3ZQ1_2,173,0
7KZI_1,4PKO_1,913,1
7KZI_1,6KYY_1,101,0
7KZI_1,1DKG_1,976,1
4DT4_1,5XGU_1,338,0
1CS0_2,1CLI_1,105,0
1CS0_2,1C30_1,981,1
1C30_1,1GRJ_1,84,0
1C30_1,6BFY_1,79,0
1C30_1,3D7S_2,117,0
1C30_1,3EY9_1,90,0
3L9X_1,6VWP_1,171,0
3EYW_1,2XXA_1,109,0
6XG5_1,1LQM_1,77,0
2DFJ_1,6S85_1,112,0
2DFJ_1,1PG0_1,78,0
2DFJ_1,4P5U_1,164,0
3TPZ_1,3BT7_1,77,0
3TPZ_1,5GI4_1,142,0
3TPZ_1,1MBT_1,69,0
1M5Y_1,3K8N_1,87,0
1M5Y_1,6H9N_1,118,0
1M5Y_1,6LYS_1,763,1
1M5Y_1,7A2D_1,73,0
1M5Y_1,6LYQ_2,899,1
1M5Y_1,4I63_1,81,0
4Q35_1,6G5S_1,78,0
4Q35_1,4C00_1,78,0
4Q35_1,6H9N_1,76,0
4Q35_1,4RHB_2,980,1
4Q35_1,6MI7_4,76,0
2AAC_1,1I4V_1,84,0
1CM7_1,2P2F_1,109,0
1CM7_1,6PO3_2,105,0
1CM7_1,6TNM_1,81,0
1CM7_1,2EL9_1,136,0
6GZ0_1,4YZE_1,95,0
2F1F_1,5J5V_1,90,0
4BJP_1,6H9N_1,891,1
4BJP_1,3VMA_1,889,1
4BJP_1,1F0K_1,97,0
4BJP_1,2EXA_1,104,0
4BJP_1,4RHB_2,95,0
7B6J_1,2VMK_1,73,0
7B6J_1,1JSX_1,78,0
6H9N_1,3J46_10,881,1
6H9N_1,1C5K_1,78,0
6H9N_1,2FSI_1,763,1
6H9N_1,1IWN_1,76,0
6H9N_1,5GAE_34,989,1
6H9N_1,4CSU_32,840,1
6H9N_1,5ABB_1,974,1
6H9N_1,4HU4_1,252,0
6H9N_1,4P1M_1,97,0
6H9N_1,2LFV_1,763,1
6H9N_1,1UTA_1,838,1
6H9N_1,4UTQ_1,794,1
6H9N_1,2IUS_1,822,1
6LL6_1,2JEE_1,906,1
6LL6_1,3Q9L_1,794,1
6LL6_1,1F7X_1,980,1
6LL6_1,6OQT_6,236,0
6LL6_1,4P1M_1,909,1
6LL6_1,2LFV_1,778,1
6LL6_1,3CIO_1,103,0
6LL6_1,5DKO_1,871,1
6LL6_1,5E1L_1,870,1
6LL6_1,4GCL_1,870,1
6LL6_1,5XDM_1,896,1
6LL6_1,4I63_1,870,1
4MQY_1,6PMJ_5,126,0
4MQY_1,6LYS_1,73,0
2FSI_1,6PSI_2,905,1
2FSI_1,5GAE_34,904,1
2FSI_1,1S5U_1,762,1
2FSI_1,5ABB_1,987,1
2FSI_1,1MPQ_1,982,1
2FSI_1,2NR0_2,148,0
2FSI_1,3NB3_1,906,1
2FSI_1,5JTQ_1,887,1
2FSI_1,4IHG_2,818,1
2FSI_1,3NZQ_1,163,0
1TUM_1,1YQU_1,150,0
1TUM_1,1SFE_1,104,0
1LV3_1,6RKV_1,898,1
4QOY_1,7ARM_5,78,0
4QOY_1,4N72_1,885,1
4QOY_1,6PBR_1,320,0
4N72_1,3I9W_1,167,0
4N72_1,1GLB_2,105,0
4N72_1,4G6B_1,250,0
4N72_1,4JQ9_1,866,1
4N72_1,4PKO_1,102,0
4JQ9_1,1ZMR_1,120,0
4JQ9_1,4AKE_1,118,0
1L5J_1,6LYS_1,367,0
3O4F_1,3ULK_1,113,0
3O4F_1,5FKZ_1,106,0
3O4F_1,1ZUD_1,193,0
5B7E_1,2MI2_1,838,1
5B7E_1,5B63_1,105,0
5KNU_1,6OTT_1,141,0
1I6P_1,3K8N_1,129,0
1PPY_1,4CS0_2,818,1
1IHO_1,5HW4_1,147,0
3AQM_1,4V2S_1,896,1
3AQM_1,3CDI_1,896,1
3AQM_1,6BFY_1,788,1
3AQM_1,5XGU_1,762,1
3AQM_1,2YJT_2,762,1
3AQM_1,2VMK_1,762,1
5VSW_6,6G5S_1,92,0
5VSW_6,6XLM_5,818,1
5VSW_6,5BY4_1,84,0
5VSW_6,4JK1_1,966,1
5VSW_6,7A2D_1,105,0
5VSW_6,6Y73_1,292,0
6EUD_1,6PB4_6,101,0
6EUD_1,1EIZ_1,90,0
3VMA_1,2MII_1,906,1
3VMA_1,2GAE_1,815,1
3VMA_1,1UTA_1,864,1
3MH6_1,2BNE_1,102,0
3MH6_1,3I9W_1,90,0
3MH6_1,2VK2_1,130,0
3MH6_1,3HW9_1,809,1
3MH6_1,2F1V_1,777,1
3MH6_1,1Q6U_1,777,1
3MH6_1,6P6W_1,777,1
3MH6_1,6T1W_2,762,1
3MH6_1,3HHP_1,130,0
3MH6_1,1SFE_1,94,0
3MH6_1,1VEW_1,127,0
3MH6_1,1MPQ_1,794,1
3MH6_1,2M06_1,777,1
3MH6_1,3NB3_1,831,1
3MH6_1,4UZM_1,762,1
3MH6_1,2J1N_1,966,1
3MH6_1,4PC7_1,134,0
4A6V_1,2BH2_1,78,0
4A6V_1,1Z3A_1,112,0
4A6V_1,2YHS_1,93,0
4FWT_1,3AVY_1,984,1
4FWT_1,2HUR_1,104,0
4FWT_1,4PC7_1,984,1
2BNE_1,1JNT_1,149,0
1EK8_1,3J46_10,974,1
1EK8_1,4CSU_32,966,1
1EK8_1,2NR0_2,192,0
1Q0Q_1,1I52_1,270,0
6LYS_1,3I9W_1,95,0
6LYS_1,6V05_3,983,1
6LYS_1,3HW9_1,786,1
6LYS_1,1GRJ_1,78,0
6LYS_1,2LFV_1,818,1
6LYS_1,6LYQ_2,971,1
6LYS_1,3NB3_1,762,1
6LYS_1,6T1W_2,762,1
6LYS_1,2J1N_1,786,1
6LYS_1,1PHO_1,897,1
1SG2_1,2LRX_1,76,0
1SG2_1,2M06_1,870,1
1SG2_1,7A2D_1,75,0
1SG2_1,3NB3_1,870,1
1SG2_1,1PHO_1,851,1
3EH0_1,3S04_1,115,0
3EH0_1,4IHG_2,881,1
6N3P_1,5VCB_1,72,0
5FKU_1,1ZVU_1,163,0
5FKU_1,6G9S_1,82,0
5FKU_1,2KGJ_1,187,0
5FKU_1,3SXU_1,762,1
5FKU_1,1JR3_2,886,1
5FKU_1,4MZ9_1,775,1
5FKU_1,3GLI_2,972,1
5FKU_1,2XY8_2,980,1
5FKU_1,5FKW_3,980,1
1SG5_1,6Z9Q_2,784,1
2Z4H_1,4KX6_4,78,0
6T1W_2,1EQ7_1,762,1
6T1W_2,3NB3_1,897,1
6T1W_2,4UZM_1,762,1
3TUI_1,3DHW_2,962,1
3DHW_2,5DML_1,149,0
3DHW_2,2H09_1,512,1
3DHW_2,1VH4_1,147,0
3L1V_1,2ABK_1,196,0
1E0G_1,7CGN_3,80,0
6RZ0_1,1YAC_1,119,0
4Z0U_1,1KFD_1,127,0
4Z0U_1,5CI4_1,104,0
4Z0U_1,3GLI_2,72,0
4Z0U_1,1LN4_1,101,0
5FKW_3,6OZ7_1,103,0
5FKW_3,1JR3_2,353,0
5FKW_3,3GLI_2,894,1
5FKW_3,2XY8_2,981,1
5FKW_3,1VH4_1,319,0
2I22_1,2H1H_1,91,0
5YV0_1,3DXX_1,725,1
5YV0_1,2IS4_2,162,0
5YV0_1,7AI7_1,167,0
5YV0_1,4PKO_1,896,1
5YV0_1,6Z9P_3,896,1
4JLS_1,6PBZ_1,818,1
1PHO_1,1C5K_1,822,1
5G5G_3,5G5H_2,865,1
5DFK_1,4G6B_1,220,0
6KYY_1,2JGD_2,290,0
6KYY_1,1GSA_1,86,0
6KYY_1,5J5V_1,102,0
6KYY_1,3FWN_1,121,0
1UUF_1,1ZP3_1,118,0
2PJU_1,2AYX_1,88,0
1OQF_1,6NZ9_1,72,0
3O8J_1,6K0K_1,191,0
3O8J_1,4BFL_1,86,0
1KRV_1,6W20_2,85,0
2V8N_1,4JBW_4,851,1
4CKD_1,6Y73_1,292,0
3EDC_1,1VEW_1,131,0
1U2E_1,6YSV_1,137,0
6SSY_1,1OTJ_1,119,0
6PSI_2,5QO4_1,851,1
6PSI_2,5JTQ_1,857,1
6PSI_2,2E0W_1,92,0
6PSI_2,6RMR_1,107,0
6S85_1,2IS4_2,165,0
6S85_1,6S6V_1,944,1
2IYN_1,6XLM_5,818,1
2RDD_2,3NOC_1,976,1
2RDD_2,1JNT_1,81,0
5MG3_4,3A5Z_2,122,0
5MG3_4,6P26_2,235,0
5MG3_4,1R48_1,97,0
5MG3_4,5GAE_34,827,1
5MG3_4,5ABB_1,833,1
5MG3_4,6NWR_2,92,0
5MG3_4,5JTQ_1,73,0
5MG3_4,4UTQ_1,820,1
5MG3_4,6MI8_2,84,0
1TLY_1,2FEK_1,73,0
2JWY_1,2GT2_1,76,0
6TQN_4,4JK1_1,884,1
6TQN_4,4UTQ_1,130,0
6TQN_4,6Z9P_3,871,1
1RQI_1,2HUR_1,103,0
1RQI_1,7ARH_3,78,0
1RQI_1,4B09_1,107,0
2AB0_1,1JKJ_1,97,0
2AB0_1,1AI2_1,164,0
2AB0_1,1K92_1,164,0
2AB0_1,6EFV_1,155,0
3WDO_1,4DOP_1,121,0
6WTI_4,5XGU_1,152,0
2DHM_1,5QO4_1,117,0
2DHM_1,1YKA_1,708,1
2DHM_1,2R96_1,117,0
6PO3_2,1MLA_1,72,0
6PO3_2,1GRJ_1,365,0
6PO3_2,6W20_2,877,1
6PO3_2,6Y73_1,292,0
6PO3_2,4AKE_1,130,0
6PO3_2,4BHT_1,108,0
6PO3_2,4I63_1,874,1
4I63_1,1YFN_1,851,1
6U5Z_1,5JI3_2,109,0
6U5Z_1,3ZQ1_2,80,0
2O97_2,3NR7_1,389,0
2O97_2,7AI7_1,143,0
2O97_2,6O8Q_1,996,1
2O97_2,1ETY_1,120,0
2O97_2,3ERS_1,124,0
2KGJ_1,1C5K_1,93,0
2KGJ_1,6V05_3,74,0
2NUU_2,6XLM_5,99,0
2NUU_2,2NMR_1,973,1
2NUU_2,1R62_1,820,1
2NUU_2,1PIL_1,851,1
2MW2_1,2LRX_1,763,1
2MW2_1,3NR7_1,906,1
3NOC_1,6WXI_1,960,1
3NOC_1,5O66_4,968,1
2QOP_1,1SR2_1,124,0
2QOP_1,5E1L_1,192,0
2RT6_1,6BBM_1,883,1
2RT6_1,1DD9_1,104,0
2DY0_1,3CT7_1,89,0
3GLI_2,3SXU_1,906,1
3GLI_2,1JR3_2,978,1
3GLI_2,6BBM_1,883,1
3GLI_2,2VYN_1,130,0
2IOQ_1,6TZK_1,298,0
2IOQ_1,2PQ4_1,148,0
2IOQ_1,6K0K_1,132,0
4AKE_1,1PS9_1,105,0
4AKE_1,6NZ9_1,71,0
4KRX_1,3R2Q_1,100,0
4KRX_1,1HZ4_1,851,1
1U60_1,6OZ7_1,131,0
7C17_8,2GLS_1,131,0
3QOU_1,2XY8_2,330,0
3QOU_1,1VH4_1,109,0
3QOU_1,6WMU_10,109,0
5WLY_1,1TJD_1,82,0
2RS4_1,1VEW_1,155,0
2RS4_1,1Q6U_1,166,0
2RS4_1,4WYS_1,137,0
2RS4_1,1AH9_1,116,0
1P9K_1,3V97_1,391,0
1B0A_1,1F4B_1,105,0
1I78_1,2M06_1,77,0
1I78_1,1IWN_1,105,0
5KU5_1,3I9W_1,90,0
5KU5_1,4BIU_1,88,0
4K7R_1,1C5K_1,120,0
4K7R_1,1DJM_1,163,0
4K7R_1,2VB3_1,896,1
2VB3_1,4DOP_1,896,1
4DOP_1,3T51_2,974,1
4DOP_1,6W20_2,142,0
4DOP_1,3NB3_1,78,0
1YKI_1,1QOR_1,147,0
1YKI_1,1O8C_1,116,0
3C8D_1,5VTG_1,277,0
3B8M_1,1UOD_1,217,0
3RG2_1,4FE4_1,144,0
2FQ1_1,4K4C_1,870,1
2FQ1_1,2FWM_1,300,0
2FWM_1,3I9W_1,76,0
2FWM_1,1H75_1,100,0
2FWM_1,6O10_1,86,0
1U08_1,1BJO_2,117,0
1U08_1,1K92_1,82,0
1U08_1,4PKO_1,159,0
5G1L_1,3J46_10,286,0
5G1L_1,5VTG_1,83,0
5G1L_1,4LGW_1,106,0
4O5R_1,1E58_1,130,0
4O5R_1,3FWN_1,90,0
4O5R_1,3ZQ1_2,71,0
4YKG_1,4FE4_1,144,0
2EA1_1,2MI2_1,112,0
3I2Z_1,3CB4_1,137,0
6G9S_1,1W78_1,73,0
6G9S_1,3S04_1,92,0
6G9S_1,2KGO_1,82,0
6G9S_1,4RHB_2,104,0
1JR3_2,3SXU_1,784,1
1JR3_2,3CB4_1,164,0
1JR3_2,1A0P_1,106,0
3ZGZ_1,1MLA_1,88,0
3ZGZ_1,2XVM_1,97,0
3ZGZ_1,4PKO_1,83,0
3ZGZ_1,3HHP_1,585,1
1DEA_1,1XEY_1,125,0
1DEA_1,1MZR_1,164,0
3BF8_1,6YSV_1,137,0
3BF8_1,1Q2L_1,94,0
3OLP_1,3ZQ1_2,153,0
6LGQ_2,3LA6_1,85,0
1DNP_1,1AKO_1,103,0
1DNP_1,2ABK_1,109,0
1NMP_1,1CLH_1,78,0
1Q39_1,1KDO_1,83,0
1Q39_1,1HJR_1,94,0
4G6B_1,4ADB_1,116,0
4G6B_1,6K0K_1,244,0
1NEK_3,6RKO_2,107,0
1NEK_3,2WU5_2,971,1
1NEK_3,2WDQ_1,980,1
1NEK_3,2ACZ_4,966,1
2ACZ_4,2WDQ_1,881,1
2ACZ_4,2WU5_2,961,1
2ACZ_4,1YFN_1,105,0
2WDQ_1,2WU5_2,973,1
2WDQ_1,6RXJ_1,118,0
2WDQ_1,1X6I_1,899,1
2WU5_2,3NBU_1,137,0
2WU5_2,2NYA_1,107,0
2JGD_2,1JKJ_1,221,0
2JGD_2,6PBR_1,610,1
6PBR_1,1I2L_1,115,0
6PBR_1,4YNG_1,79,0
6PBR_1,1QU9_1,102,0
6PBR_1,3ULK_1,75,0
6PBR_1,1L0V_2,131,0
6PBR_1,3DU0_1,103,0
1SCU_2,6R1O_1,101,0
1SCU_2,1JKJ_1,995,1
1SCU_2,1H18_1,79,0
1SCU_2,1GER_1,125,0
1JKJ_1,1MLA_1,108,0
1JKJ_1,1PIL_1,147,0
6RKO_2,6G5S_1,92,0
6RKO_2,5BY4_1,92,0
6RKO_2,6RX4_3,770,1
1S5U_1,4IHG_2,781,1
5BY4_1,4C5F_1,75,0
5BY4_1,1D9E_1,72,0
5BY4_1,2X9A_2,901,1
2X9A_2,6G5S_1,896,1
2X9A_2,1C5K_1,906,1
2X9A_2,3HW9_1,822,1
1C5K_1,1EQ7_1,763,1
1C5K_1,3HW9_1,822,1
1C5K_1,1MPQ_1,822,1
1C5K_1,3NB3_1,786,1
1C5K_1,2J1N_1,822,1
1QR7_1,1N2A_1,149,0
1E58_1,6BFY_1,258,0
1E58_1,1GYT_1,115,0
1UDC_1,4XXH_1,144,0
5O66_4,6WXI_1,800,1
2G6W_1,3F1L_1,126,0
2G6W_1,1JW9_1,88,0
1JWB_2,1NVI_2,996,1
1JWB_2,1JW9_1,971,1
6FWS_1,4RUL_1,88,0
6FWS_1,4MZ9_1,870,1
1F33_1,1MBX_2,870,1
2M06_1,6TYI_2,73,0
2H09_1,6O15_1,388,0
1L6W_1,6OAD_1,121,0
1L6W_1,3ZQ1_2,111,0
1L6W_1,4BFL_1,121,0
1G8L_1,1E5K_1,890,1
1G8L_1,1NP6_1,915,1
1G8L_1,1Q16_1,794,1
1G8L_1,2ZAK_1,92,0
1EGR_1,2R1R_1,833,1
6YEC_1,4UP2_1,146,0
3EY9_1,2GT3_1,114,0
5NIL_2,6WXI_1,784,1
1MBX_2,1XEY_1,342,0
1MBX_2,1RMT_1,762,1
1MBX_2,6W20_2,979,1
1MBX_2,4UOX_1,775,1
1MBX_2,6BQC_1,762,1
6W20_2,3RF9_1,175,0
6W20_2,3SXU_1,234,0
6W20_2,2XHZ_1,131,0
6W20_2,1DJM_1,85,0
6W20_2,1SR2_1,114,0
6W20_2,6K0K_1,87,0
6W20_2,6KJ6_5,231,0
6W20_2,4PC7_1,108,0
1AH9_1,1D1R_1,702,1
1CL0_1,6Y73_1,976,1
1CL0_1,2XHZ_1,153,0
2GQQ_1,1RPJ_1,851,1
2IUS_1,1ZVU_1,896,1
2IUS_1,1S16_1,896,1
2IUS_1,3DH3_1,122,0
7ARM_5,1EQ7_1,793,1
7ARM_5,1T43_1,76,0
7ARM_5,7ARI_1,968,1
7ARM_5,1IWN_1,812,1
7ARM_5,6S0K_35,73,0
3PVS_1,4HF1_1,115,0
6R1O_1,4YNG_1,76,0
6R1O_1,5U6R_1,72,0
1BJO_2,1CL2_1,165,0
1ART_1,1GYT_1,93,0
3HW9_1,1MLA_1,73,0
3HW9_1,5J4I_1,112,0
3HW9_1,3NB3_1,113,0
3HW9_1,6S0K_35,74,0
3HW9_1,5UWA_1,897,1
1NQK_1,4PTZ_1,897,1
3V97_1,4RUL_1,90,0
3V97_1,3O52_1,116,0
1MKA_1,2VB8_1,450,0
1MKA_1,4IHG_2,871,1
3NB3_1,4CSU_32,865,1
3NB3_1,2E3D_1,72,0
3NB3_1,3J46_10,954,1
3NB3_1,6TZK_1,125,0
3NB3_1,5ABB_1,906,1
3NB3_1,2J1N_1,818,1
6FPW_1,2I8L_1,118,0
6FPW_1,2KC5_1,122,0
6FPW_1,6G94_3,994,1
6G94_3,2K3I_1,85,0
6G94_3,5XVB_2,808,1
2HFD_1,1PF5_1,202,0
2HFD_1,1QU9_1,202,0
2HFD_1,3K8N_1,330,0
3I9W_1,2VK2_1,332,0
3I9W_1,1U00_1,115,0
3I9W_1,6YSV_1,878,1
3I9W_1,4WYS_1,72,0
3I9W_1,6TNM_1,878,1
3I9W_1,4FZW_1,878,1
3I9W_1,1EF8_1,878,1
3I9W_1,1FR0_1,116,0
2R96_1,5J4I_1,103,0
5WAN_1,3SVL_1,252,0
4XK4_1,1FR0_1,146,0
4Y25_1,2IW1_1,123,0
4Y25_1,1SQG_1,111,0
4Y25_1,4HU4_1,122,0
4Y25_1,3ZQ1_2,124,0
6OVL_1,5U6R_1,261,0
6OVL_1,1SR2_1,83,0
6OVL_1,6TNM_1,144,0
6OVL_1,2VYN_1,127,0
6L7A_1,2NA4_1,870,1
2UZZ_1,3A8J_1,277,0
1TLT_1,5HXD_1,97,0
2VMK_1,3Q9L_1,906,1
2VMK_1,3CDI_1,979,1
2VMK_1,6BFY_1,977,1
1XPI_1,3VJR_1,106,0
1XPI_1,2LJP_1,160,0
1XPI_1,6MI8_2,92,0
1MLA_1,6YSV_1,71,0
1MLA_1,1ZUD_1,138,0
1Q7B_1,1FOV_1,100,0
1Q7B_1,4FZW_1,139,0
1Q7B_1,2VB8_1,875,1
1Q7B_1,3OAA_3,98,0
1Q7B_1,1YKA_1,86,0
4IHG_2,5CG1_1,869,1
4IHG_2,6OKG_1,830,1
4IHG_2,3NY7_1,857,1
4IHG_2,3LVM_1,861,1
4IHG_2,4ETW_1,972,1
4IHG_2,3RKO_3,513,1
4IHG_2,2VB8_1,974,1
4IHG_2,5VCB_1,983,1
1YIX_1,1KFD_1,105,0
1YIX_1,1C2T_1,138,0
6X2F_1,2ABK_1,99,0
6X2F_1,6XLM_5,117,0
1VIX_1,3FWN_1,127,0
1VIX_1,4QR8_1,117,0
1ID0_1,1ODD_1,128,0
4NFX_1,1UTA_1,74,0
1AI2_1,1QSA_1,106,0
1AI2_1,3LCB_1,870,1
1AI2_1,2AN1_1,164,0
3R9J_2,3Q9L_1,994,1
3Q9L_1,5XDM_1,972,1
1I4V_1,2IS4_2,84,0
1I4V_1,2AYX_1,103,0
3E9J_2,5QO4_1,976,1
2BTD_1,1FX8_1,92,0
2BTD_1,4LRY_2,980,1
2BTD_1,1UOD_1,976,1
1UOD_1,4LRY_2,980,1
3VJR_1,6ASV_1,81,0
6ASV_1,4MVA_1,120,0
6ASV_1,3DU0_1,84,0
6ASV_1,1EIZ_1,77,0
6ASV_1,1OI4_1,162,0
1IWN_1,6V05_3,110,0
1T43_1,1SQG_1,829,1
1Q16_1,1E5K_1,794,1
1Q16_1,3IR7_2,979,1
1Q16_1,1NP6_1,794,1
1Q16_1,3IR6_3,987,1
3IR7_2,3IR6_3,818,1
6Z4E_1,6OD1_2,896,1
6Z4E_1,6PB4_6,92,0
3NR7_1,2LRX_1,861,1
3NR7_1,2JQT_1,906,1
7BVP_1,7JH3_1,162,0
7BVP_1,6PB4_6,104,0
7BVP_1,2XXA_1,399,0
7BVP_1,1YSQ_1,104,0
7BVP_1,4DJK_1,87,0
7BVP_1,3F1L_1,138,0
7BVP_1,1XEY_1,124,0
7BVP_1,3AO0_1,164,0
7BVP_1,4FE4_1,125,0
7BVP_1,2AN1_1,134,0
7BVP_1,1IYD_1,129,0
2F1V_1,1L0V_2,800,1
1V7Y_1,2DH5_1,987,1
1PII_1,4PKO_1,52,0
4LGT_1,2YJT_2,378,0
3F1L_1,6YSV_1,139,0
3F1L_1,4MXD_1,131,0
3F1L_1,2ILU_1,138,0
3F1L_1,6TNM_1,139,0
4RUL_1,2O5C_2,356,0
4RUL_1,6QEL_2,127,0
4RUL_1,4JK1_1,856,1
4RUL_1,4MZ9_1,393,0
4GWO_1,6KKJ_1,80,0
4GWO_1,4JK1_1,851,1
7JH3_1,6JQM_1,162,0
5NSS_5,4WHE_1,851,1
5NSS_5,4JK1_1,826,1
4WHE_1,1FR0_1,794,1
2JTQ_1,2XHZ_1,180,0
1QXH_1,4FE4_1,144,0
5HXD_1,4FE4_1,112,0
5CB0_1,1PUI_1,122,0
5N9Y_1,1XSI_1,163,0
3H4R_1,6P26_2,118,0
3WX0_1,5U6R_1,163,0
3WX0_1,1F9Z_1,137,0
3WX0_1,1MZR_1,125,0
3WX0_1,6JQM_1,144,0
6JQM_1,4YNG_1,118,0
6JQM_1,3S04_1,163,0
6JQM_1,1PMO_1,124,0
6JQM_1,2AN1_1,134,0
6JQM_1,4FZW_1,105,0
6JQM_1,1NYT_1,78,0
6JQM_1,1O8C_1,132,0
6JQM_1,4ILK_1,155,0
3PW1_1,3PWQ_1,829,1
4FZW_1,6OZ7_1,139,0
4FZW_1,5T4Q_4,94,0
3MOG_1,6YSV_1,78,0
2ILU_1,3AO0_1,164,0
2ILU_1,5J5V_1,142,0
2ILU_1,1PFK_1,115,0
2ILU_1,2VYN_1,585,1
2ILU_1,1ISC_1,154,0
1WND_1,6SMY_1,118,0
1WND_1,3GX0_1,99,0
1WND_1,1IYD_1,129,0
1KQG_2,1KQF_3,845,1
1KQG_2,6EN9_2,116,0
4GKV_1,6OZ7_1,103,0
4GKV_1,1AHH_1,103,0
6AGS_1,4PKO_1,119,0
6AGS_1,1IYD_1,91,0
4HU4_1,1W78_1,96,0
4HU4_1,6JBQ_5,131,0
4ZVH_1,6TZK_1,122,0
4DJK_1,1KNW_1,73,0
6OFS_1,1AHH_1,98,0
6OFS_1,5GI4_1,165,0
6OFS_1,2EFF_1,178,0
6OFS_1,6D13_2,204,0
6OFS_1,2RRK_1,204,0
5YA1_1,2JEL_3,818,1
3VOE_1,1CL2_1,96,0
4H54_1,2AYX_1,123,0
4FXE_1,2BN8_1,111,0
4FXE_1,5VVL_2,100,0
3U41_1,1SR2_1,97,0
3U41_1,2MI2_1,762,1
4XR1_1,6BBM_1,870,1
6NZ9_1,1F9Z_1,131,0
6AYI_1,3TIS_1,93,0
1AHH_1,1EU5_1,111,0
1AHH_1,1BSV_1,103,0
1AHH_1,2VB8_1,219,0
1D2F_1,1HZ4_1,851,1
2JQT_1,2LRX_1,763,1
2ABK_1,1HJR_1,104,0
6GS1_1,1N2A_1,76,0
7AP3_1,6P26_2,125,0
7AP3_1,1ZZM_1,132,0
7AP3_1,5B63_1,118,0
1ESO_1,3GX0_1,122,0
1OG6_1,5Z6N_1,112,0
1F9Z_1,2GQS_1,164,0
1YKA_1,2D2A_1,165,0
1YKA_1,4PKO_1,153,0
1ISC_1,5J5V_1,585,1
1ISC_1,1QM5_1,140,0
4YNG_1,2X5J_1,127,0
1EQ7_1,2K1S_1,185,0
6O10_1,2D2A_1,855,1
1VH4_1,5AWG_1,980,1
1VH4_1,2ZU0_2,980,1
2ZU0_2,5AWG_1,968,1
4K49_1,1PG0_1,132,0
6P26_2,1KAG_1,96,0
6P26_2,6EI9_1,109,0
6P26_2,3HXY_1,861,1
6P26_2,1C2T_1,113,0
5ME1_25,3DH3_1,150,0
4BFL_1,1MZR_1,117,0
4BFL_1,4V2S_1,818,1
4BFL_1,3ZQ1_2,145,0
2WY2_1,2JEL_3,871,1
2WY2_1,1HJR_1,152,0
2WY2_1,1H9C_1,874,1
1WXI_1,1GER_1,113,0
4ADB_1,2DDO_1,137,0
1AKO_1,3Q8D_1,117,0
1AKO_1,1GER_1,113,0
3IPP_1,1O8C_1,91,0
2RRK_1,6TZK_1,101,0
4BHT_1,6OQT_6,162,0
4BHT_1,6EFV_1,106,0
6SYM_1,1DKG_1,143,0
2VYN_1,1W78_1,105,0
2VYN_1,4BIU_1,134,0
2VYN_1,3ULK_1,170,0
1YT3_1,5VVL_2,162,0
1YT3_1,5XGU_1,702,1
1YT3_1,2YJT_2,162,0
4WQ4_2,6Z81_1,984,1
2JZH_1,6K1H_2,818,1
2JZH_1,2JEL_3,968,1
5WQL_2,1S16_1,73,0
5WQL_2,5NB9_1,97,0
4FZZ_2,4GEK_1,103,0
4FZZ_2,7AI7_1,125,0
4FZZ_2,5XGU_1,142,0
6K0K_1,1JY8_1,155,0
1HJP_1,1HJR_1,851,1
1KON_1,3ERS_1,133,0
5U7H_1,6D1V_1,190,0
5U7H_1,1AF2_1,163,0
5U7H_1,6MI8_2,81,0
1J2R_1,1PS9_1,110,0
4QNX_1,3BT7_1,85,0
1KMI_2,6S1K_1,870,1
1KMI_2,1DJM_1,985,1
1DJM_1,6RKV_1,760,1
1DJM_1,6S1K_1,976,1
1DJM_1,1FR0_1,975,1
1A2O_1,6S1K_1,998,1
2HO9_1,1S16_1,107,0
2HO9_1,6TZK_1,113,0
2HO9_1,6S1K_1,995,1
6S1K_1,7LOZ_1,681,1
6S1K_1,1YDY_1,886,1
6S1K_1,4PKO_1,72,0
1EUM_1,2YKR_22,818,1
6PMJ_5,4JK1_1,762,1
6PMJ_5,2P7V_1,762,1
5B0O_2,1ODD_1,161,0
3GW7_1,6BFY_1,163,0
1JYH_1,6RKV_1,906,1
4JS4_2,4MZ9_1,862,1
2A6Q_1,2A6S_1,894,1
1H3D_1,4P0U_1,132,0
1GEX_1,4DCX_1,153,0
3FWN_1,1M7X_1,92,0
3FWN_1,1U00_1,90,0
3FWN_1,1PFK_1,72,0
3FWN_1,1Q6U_1,102,0
1I8T_1,1BXK_1,100,0
2GT2_1,2LFV_1,73,0
3LA6_1,2FEK_1,867,1
3CVT_1,1KFD_1,186,0
4B09_1,4BIU_1,128,0
4B09_1,6WXI_1,163,0
4A2C_1,2NLX_1,105,0
1PG0_1,4UMV_1,116,0
1PG0_1,5VVL_2,98,0
1PG0_1,6O8Q_1,165,0
6OZ7_1,1SFF_1,116,0
6OZ7_1,3HXY_1,87,0
6OZ7_1,4MXD_1,131,0
1FBX_1,4JK1_1,74,0
1Q8F_1,1YQU_1,120,0
4CSU_32,3J46_10,983,1
4CSU_32,3J8G_19,846,1
4CSU_32,3AVY_1,869,1
4CSU_32,3A5Z_2,878,1
4CSU_32,5GAE_34,840,1
4CSU_32,5ABB_1,849,1
4CSU_32,2XXA_1,849,1
4CSU_32,2YHS_1,818,1
4CSU_32,3CB4_1,956,1
4CSU_32,6I0Y_9,800,1
4CSU_32,4PC7_1,869,1
2JRX_1,2LF0_1,159,0
2KW0_1,6S0K_35,164,0
3K8N_1,1Z5Y_1,981,1
3K8N_1,6TZK_1,147,0
3K8N_1,1MZR_1,91,0
3K8N_1,5QO4_1,906,1
2NYA_1,2PQ4_1,979,1
1SFE_1,6XLM_5,859,1
2J1N_1,4PKO_1,73,0
2J1N_1,4WL1_1,75,0
1SR2_1,2VK2_1,166,0
1SR2_1,5VXN_1,863,1
1SR2_1,1ODD_1,122,0
5VXN_1,1ODD_1,89,0
1K6D_1,5DBN_2,987,1
5DBN_2,1EF8_1,94,0
4WYS_1,6YSV_1,591,1
4WYS_1,6TNM_1,591,1
6RKV_1,1Q12_1,442,0
6RKV_1,1JSX_1,760,1
4KDC_1,1DFO_1,163,0
2R1R_1,5CI4_1,974,1
5CI4_1,3SXU_1,101,0
1PW4_1,2R4E_1,92,0
2I5Q_1,6OHC_1,152,0
4WKG_1,1CFZ_1,150,0
4WKG_1,3GWI_1,73,0
4WKG_1,3LVM_1,143,0
4WKG_1,6D13_2,99,0
4WKG_1,4AMV_1,104,0
6NJ0_1,6YSV_1,106,0
6NJ0_1,1L0V_2,95,0
4MXD_1,1O8C_1,126,0
4CVQ_1,4PKO_1,150,0
3SLC_1,2N5T_1,851,1
1SU1_1,1U00_1,99,0
3GX0_1,6AGL_1,149,0
3GX0_1,1ZUD_1,139,0
3GX0_1,2EL9_1,120,0
6OTT_1,1CS1_1,187,0
1W78_1,1KFD_1,85,0
2NR0_2,1R3F_1,201,0
1UJB_1,3GN5_1,159,0
6YSV_1,6BFY_1,118,0
6YSV_1,2GLS_1,112,0
2Q29_1,2GN0_1,103,0
2KYR_1,1A3A_1,113,0
2KYR_1,4JBW_4,81,0
1F7X_1,2MI2_1,84,0
5J5V_1,3BT7_1,279,0
5J5V_1,2O8V_1,114,0
5J5V_1,1E1T_1,118,0
2JEL_3,2N5T_1,980,1
2JEL_3,2BHS_1,97,0
2JEL_3,1A3A_1,992,1
2JEL_3,4JBW_4,979,1
2JEL_3,2P7V_1,880,1
2N5T_1,4JBW_4,845,1
4JBW_4,1Q12_1,840,1
4JBW_4,1GLB_2,974,1
4JBW_4,3PV0_3,857,1
2BHS_1,6TZK_1,79,0
2BHS_1,1U00_1,168,0
5YSN_2,3AO0_1,980,1
3O52_1,2XXA_1,286,0
7LGP_1,7LBY_2,111,0
6V05_3,6LYQ_2,931,1
3DU0_1,1EU5_1,122,0
1C2T_1,4P5U_1,138,0
1GPM_1,2XHZ_1,696,1
3J8G_19,3J46_10,852,1
6LYQ_2,6EN9_2,818,1
2EL9_1,1U00_1,136,0
2EL9_1,1JKE_1,132,0
2EL9_1,1GYT_1,107,0
6S0K_35,1TJD_1,89,0
3RF9_1,1HZ4_1,224,0
3RF9_1,2LF0_1,263,0
2HUR_1,2R5N_1,127,0
2HUR_1,1LQM_1,851,1
1URH_1,6C3M_1,106,0
6OAD_1,4PKO_1,120,0
6OAD_1,1GYT_1,134,0
1I7H_1,2L4X_1,786,1
1I7H_1,6OQT_6,124,0
1I7H_1,1S98_1,870,1
1I7H_1,3LVM_1,785,1
1U00_1,3S04_1,108,0
1U00_1,2L4X_1,859,1
1U00_1,2XXA_1,93,0
1U00_1,1S98_1,851,1
1U00_1,6TNM_1,87,0
1FPO_1,2L4X_1,861,1
1FPO_1,3NZQ_1,331,0
2L4X_1,3LVM_1,944,1
3LVM_1,2EFF_1,863,1
3LVM_1,4PDE_1,851,1
3LVM_1,1DCJ_1,864,1
4XBO_1,1EIZ_1,96,0
1DFO_1,2ANB_1,88,0
1PIL_1,3K7D_1,851,1
1PIL_1,1R62_1,831,1
1PIL_1,4HR7_2,165,0
1Z3A_1,3BT7_1,124,0
1Z3A_1,6EI9_1,87,0
1Z3A_1,1GYT_1,153,0
3Q8D_1,4MZ9_1,851,1
3Q8D_1,6D13_2,76,0
3CB4_1,3J46_10,971,1
3CB4_1,2YHS_1,76,0
1OR7_2,3GDS_1,870,1
1OR7_2,1YFN_1,840,1
1OR7_2,6JBQ_5,978,1
6JBQ_5,2P7V_1,762,1
2YJT_2,3AVY_1,143,0
2YJT_2,1SQG_1,236,0
2YJT_2,2L15_1,161,0
2YJT_2,4V2S_1,128,0
2YJT_2,1Q6U_1,154,0
2YJT_2,6TPI_2,128,0
2YJT_2,2YJV_1,881,1
2YJT_2,2LF0_1,123,0
2YJT_2,1E1T_1,106,0
6OWR_1,2KFW_1,102,0
1P9P_1,5GI4_1,147,0
2XXA_1,3J46_10,881,1
2XXA_1,1SQG_1,165,0
2XXA_1,5GAE_34,882,1
2XXA_1,5ABB_1,882,1
2XXA_1,2GJ9_1,160,0
2XXA_1,2YHS_1,981,1
1DKG_1,4JK1_1,84,0
3JZ4_1,1PFK_1,115,0
3JZ4_1,4PCV_1,138,0
1H75_1,6TZK_1,76,0
3N39_2,3N37_1,826,1
3HXY_1,1ZUD_1,174,0
5LLD_1,6TZK_1,86,0
5LLD_1,1PS9_1,808,1
3TTD_1,2RB9_1,570,1
7AI7_1,6TZK_1,106,0
7AI7_1,2AZO_1,896,1
7AI7_1,2IS4_2,896,1
7AI7_1,1B62_1,976,1
6VOP_1,2ANB_1,140,0
6KJ6_5,4JK1_1,971,1
6KJ6_5,2P7V_1,762,1
5VVL_2,5XGU_1,142,0
5VVL_2,4P6I_2,972,1
5H9F_8,4QYZ_4,961,1
2O8V_1,6Y73_1,826,1
6C3M_1,6EFV_1,513,1
6EFV_1,7LOX_1,162,0
6EFV_1,2M6S_1,72,0
6EFV_1,1PFK_1,163,0
3QN9_1,4MVA_1,183,0
6BFY_1,6Z81_1,105,0
6BFY_1,1ZMR_1,535,1
6BFY_1,3CDI_1,784,1
6BFY_1,1CL2_1,127,0
6BFY_1,1Q6U_1,180,0
6BFY_1,4MVA_1,266,0
6BFY_1,3CT7_1,123,0
6BFY_1,6TNM_1,118,0
6BFY_1,1GER_1,111,0
5U6R_1,5GI4_1,133,0
5CKB_1,1MVF_2,833,1
1EC8_1,4IL0_1,818,1
6GFL_1,1O8C_1,127,0
3ZD8_1,2IS4_2,190,0
5FT5_1,5FT8_2,976,1
4BIN_1,2YVA_1,109,0
6T2V_3,5MBV_1,981,1
6T2V_3,6T2U_2,890,1
5MBV_1,6T2U_2,981,1
1Q2L_1,7DL9_1,101,0
5AZC_1,6FMV_1,73,0
5T12_1,6Y73_1,284,0
5T12_1,5T1N_1,871,1
6D13_2,6D1V_1,878,1
6D13_2,1L0V_2,148,0
2AZO_1,1B62_1,870,1
1KNW_1,1IYD_1,120,0
1TJD_1,1Z5Y_1,972,1
3AB9_1,3A8J_1,846,1
3AB9_1,3A7A_1,818,1
3A8J_1,3CT7_1,73,0
4P1M_1,2JEE_1,906,1
6PWN_1,1FR0_1,103,0
1ZMR_1,1QM5_1,163,0
2X5J_1,1CS1_1,142,0
2X5J_1,1MZR_1,126,0
2X5J_1,1OI4_1,153,0
2R5N_1,1MZR_1,164,0
2R5N_1,3NBU_1,129,0
7LOZ_1,1PFK_1,76,0
7LOZ_1,1L0V_2,144,0
7LOZ_1,2GT3_1,162,0
7LOZ_1,4PKO_1,906,1
3DXX_1,5GI4_1,316,0
1YHD_1,2IGI_1,148,0
2KC5_1,5XVB_2,890,1
6EN9_2,5XVB_2,875,1
1MZR_1,6TNM_1,111,0
2UXT_1,2MI2_1,838,1
1ZVU_1,1S16_1,903,1
3GN5_1,3HI2_2,826,1
1S16_1,4V2S_1,74,0
1S16_1,1R3F_1,257,0
1S16_1,1EIZ_1,83,0
1S16_1,2IS4_2,107,0
1S16_1,1B62_1,138,0
6Z81_1,1ZYL_1,185,0
1DD9_1,4XXH_1,144,0
1DD9_1,6BBM_1,941,1
1DD9_1,4MZ9_1,897,1
6XLM_5,1UAA_2,94,0
6XLM_5,6PB4_6,980,1
6XLM_5,6O8Q_1,82,0
6XLM_5,4JK1_1,973,1
6XLM_5,2P7V_1,972,1
2GN0_1,3ULK_1,117,0
1GVF_1,3AVY_1,134,0
5HW4_1,7AFQ_1,92,0
7A2D_1,5T4Q_4,92,0
1OI4_1,3AVY_1,191,0
1OI4_1,6WMU_10,133,0
5GI4_1,1KFD_1,100,0
5GI4_1,2YHS_1,151,0
3CDI_1,6Y73_1,119,0
3CDI_1,4PKO_1,79,0
1R3F_1,5T4P_8,150,0
6Z9P_3,4JK1_1,979,1
1K92_1,1FR0_1,104,0
1K92_1,7AGH_1,136,0
5U0Y_1,2XHZ_1,286,0
1EIZ_1,1SQG_1,306,0
1GRJ_1,4JK1_1,513,1
7CGN_3,5VTG_1,73,0
7CGN_3,6ZY9_1,794,1
7CGN_3,6XGY_1,794,1
5UWA_1,6ZY9_1,794,1
6MI7_4,6S8H_1,784,1
6MI7_4,2R1A_1,872,1
2R1A_1,6MI8_2,76,0
6S8H_1,6MI8_2,964,1
2RQL_1,3J46_10,771,1
1YFN_1,2KFW_1,85,0
6WMU_10,6EI9_1,124,0
6WMU_10,1VHZ_1,101,0
6WMU_10,1GYT_1,118,0
6WMU_10,1E1T_1,441,0
3HHP_1,1FX8_1,83,0
3HHP_1,3TAT_1,132,0
3HHP_1,4PKO_1,781,1
5NJB_1,5NJA_2,818,1
1O8C_1,1FOV_1,100,0
1ETY_1,4JK1_1,851,1
4JK1_1,6PB4_6,998,1
4JK1_1,6RIN_3,572,1
4JK1_1,2P7V_1,879,1
5ABB_1,3J46_10,902,1
5ABB_1,5GAE_34,996,1
5ABB_1,2YHS_1,822,1
5ABB_1,4UTQ_1,846,1
3J46_10,3AVY_1,877,1
3J46_10,3A5Z_2,881,1
3J46_10,5GAE_34,881,1
3J46_10,2YHS_1,818,1
3J46_10,6I0Y_9,800,1
3J46_10,4PC7_1,877,1
5WQ7_1,2WJQ_1,76,0
6P8K_1,6O8Q_1,108,0
4PC7_1,3AVY_1,823,1
4PC7_1,6TZK_1,250,0
6PB4_6,1GLB_2,115,0
6PB4_6,2GJ9_1,174,0
1CLH_1,1JNT_1,191,0
1ODD_1,6Y73_1,292,0
1ODD_1,4UHJ_1,851,1
1QM5_1,1M7X_1,135,0
1HZ4_1,1Q12_1,851,1
1GMX_1,3ZQ1_2,897,1
1GMX_1,4PKO_1,763,1
2R4E_1,1XEY_1,762,1
2R4E_1,1FX8_1,92,0
2YHS_1,5GAE_34,818,1
1GER_1,6TZK_1,130,0
6TZK_1,3J5S_4,107,0
6TZK_1,2IS4_2,94,0
3R2Q_1,1ZUD_1,139,0
2LF0_1,4KDZ_1,160,0
5JTQ_1,6P6W_1,857,1
5JTQ_1,4UM4_1,115,0
2IW1_1,2ANB_1,143,0
1K82_3,1UAA_2,85,0
1U7Z_1,3BT7_1,169,0
2ANB_1,1GT7_1,140,0
6E9N_1,1FX8_1,77,0
4UTQ_1,2ZCV_1,135,0
4UTQ_1,5GAE_34,818,1
4UTQ_1,5T4P_8,856,1
4UTQ_1,1JNT_1,81,0
2GJ9_1,2ZXU_1,132,0
5T4Q_4,5QO4_1,92,0
5T4Q_4,6OQT_6,994,1
5T4Q_4,5T4P_8,982,1
5T4Q_4,3OAA_3,994,1
5T4Q_4,6VWK_2,994,1
6OQT_6,3A5Z_2,123,0
6OQT_6,6VWK_2,991,1
6OQT_6,5T4P_8,989,1
6OQT_6,1JNT_1,164,0
6OQT_6,3OAA_3,994,1
3OAA_3,6VWK_2,966,1
3OAA_3,5T4P_8,999,1
6VWK_2,5T4P_8,994,1
1JSX_1,1UAA_2,78,0
1JSX_1,2IS4_2,83,0
1JSX_1,6O8Q_1,90,0
1JSX_1,1PUI_1,90,0
2HNB_1,3SXU_1,118,0
1URP_1,1RPJ_1,818,1
1TDJ_1,4PKO_1,110,0
1JNT_1,4PKO_1,121,0
1UAA_2,6BBM_1,897,1
6Z9Q_2,4V2S_1,784,1
2IS4_2,1B62_1,870,1
2MN6_1,2MI2_1,865,1
2MI2_1,4GBY_1,163,0
4QR8_1,1VEW_1,129,0
4QR8_1,1L0V_2,104,0
1NP6_1,1E5K_1,911,1
1KFD_1,1ZUD_1,165,0
1KFD_1,6O8Q_1,195,0
1R62_1,1JSW_1,812,1
1VEW_1,1ZP3_1,123,0
4BIU_1,4UHJ_1,864,1
1ZUD_1,1F0Z_1,972,1
6O8Q_1,4MZ9_1,83,0
1GSO_1,1KKF_1,156,0
1GSO_1,4P5U_1,138,0
3PV0_3,6P6W_1,975,1
3PV0_3,1Q12_1,974,1
3PV0_3,1MPQ_1,120,0
6P6W_1,1Q12_1,980,1
6P6W_1,4PKO_1,784,1
6BBM_1,2RU8_1,879,1
6BBM_1,6QEL_2,868,1
4MZ9_1,3SXU_1,906,1
4MZ9_1,4PKO_1,90,0
3CT7_1,1QWD_1,164,0
3ZQ1_2,4PKO_1,996,1
4PKO_1,1EKX_1,365,0
3A5Z_2,3A5Y_1,857,1
4KX6_4,1KFY_3,974,1
4KX6_4,1L0V_2,974,1
1KFY_3,1L0V_2,994,1
2YKR_22,3GWI_1,105,0
4C00_1,5VTG_1,870,1
3D7S_2,1EKX_1,998,1
6Y7S_1,6E14_5,972,1
6Y7S_1,6QEL_2,88,0
6E14_5,5MTS_1,972,1
6E14_5,6E15_2,980,1
6E15_2,5MTS_1,981,1
